{"train/loss":0.002525553572922945,"train/epoch":8,"train/step":2375,"_step":2099,"data_table":{"sha256":"39a83b2a030a4f111917e6c2720b7958949faf82b18672df0bc650216dc49f18","size":141333,"artifact_path":"wandb-client-artifact://v5uszjj2h0dz428znw5p9ycqukh6wancys445dh2vi14cks5ybxib3za3pjuyens0eenft5u3cw5ee4ddwxk5yld6fsfgg5sxj2wivozs0qhho1auimwjwguccnlwzgu/data_table.table.json","_latest_artifact_path":"wandb-client-artifact://1uemyx4qp82b5mrxvtllq0on0wep5pjqgips2a5lac9r00fkan65h39cjrat11tl4105cma7srabdf8z2f3wkulxfxw3h99qrnp9jar8558ocel9eefh5gew1o7gzjj7:latest/data_table.table.json","path":"media/table/data_table_1800_39a83b2a030a4f111917.table.json","ncols":2,"nrows":7,"_type":"table-file"},"eval/cot_em":0,"eval/loss":0.403254828282765,"_runtime":10881.023315582,"eval/acc":0.48,"_timestamp":1.745499743467552e+09,"_wandb":{"runtime":10881}}