{"eval/loss":0.7178187370300293,"_wandb":{"runtime":34325},"_timestamp":1.7453767226593535e+09,"eval/cot_em":0.14,"_step":15699,"train/step":15639,"train/epoch":20,"_runtime":34325.094269609,"data_table":{"_latest_artifact_path":"wandb-client-artifact://mz9m0d811qht8ip90hnmnkjdu1i8nhni5o9rj24r02v7bb3a5djylu557nd0b2vvudt31d2vejasy2rg1470r7mosee1mhimyun4ib7a4cq4bizq4eshybss45ucp5km:latest/data_table.table.json","path":"media/table/data_table_14915_4045c41563355b90e44c.table.json","ncols":2,"nrows":20,"_type":"table-file","sha256":"4045c41563355b90e44c30a5f6a3514a4d9d84b57657827aebbfece1093dad3e","size":807662,"artifact_path":"wandb-client-artifact://v5cjkt9yyphdzglsro11uv4a3zbm4kvwoov5u46afw2dchax86o4ufplv08blrw4l9spn81owg4typ4d3p16ozfof7yxxucgjp0wvz1zxk9reae2t4o4nrlpzrrl130q/data_table.table.json"},"train/loss":0.0017431771848350763,"eval/acc":0.37}