{"data_table":{"artifact_path":"wandb-client-artifact://u79i4svis3ppo9v1k7iivagdgqqgzfqkctrps6nrquan7z47fi7ri1and62c5m68avzrl0lcn9fbjrrcldoz5eoq11xn1ig4xi7ef57r1uccwyxkbz8dfwll9jfoj92l/data_table.table.json","_latest_artifact_path":"wandb-client-artifact://iw8ehhh4na4xx4vkl9iv6qnqvb26t8vqafwgks0dij7urf2wixj11ebgmowza0to5mb39kml62to1api9lnpa9j0vu58dr66c4f8mmi6ge82uj9l4kram2tb1ktxf7y0:latest/data_table.table.json","path":"media/table/data_table_948_d0cf23aad16ff558596c.table.json","ncols":2,"nrows":4,"_type":"table-file","sha256":"d0cf23aad16ff558596cc71935f8c7357f3fa40f22ff85547c265abc84821149","size":143047},"train/loss":0.7407183051109314,"_timestamp":1.7454869346239014e+09,"train/epoch":5,"train/step":1564,"eval/cot_em":0,"_wandb":{"runtime":6292},"eval/loss":1.124131202697754,"eval/acc":0.06,"_step":1263,"_runtime":6292.010034883}