{"_step":2509,"_wandb":{"runtime":13165},"_timestamp":1.745428346170951e+09,"train/step":3719,"_runtime":13165.825661737,"data_table":{"ncols":2,"nrows":10,"_type":"table-file","sha256":"3a82cfebd85c99f3c7464ba0146d2b5603e9cec2c87410458e6d172afe550d9d","size":837157,"artifact_path":"wandb-client-artifact://e7knxxryekvxxidw2c6umzz34yejtphgv2lbm4qeimq6oulf2k4j8jvcu8sqtxjx0vg8ifd5wqwyi4x08lv8egwc92v955xnaywbf3kf4isst39o3wj5qpvanssdhw6c/data_table.table.json","_latest_artifact_path":"wandb-client-artifact://xq6ip6mfz3i76pc7sj4o65gbnd3ajrq9qmn2jwrzgn3pr2gvu0u0njzvshf9k3s0738lshaye0eo9h4cmy0jy1810qhyr2nfe54u26bvvtafp4zopsx38g8kmrqvgm77:latest/data_table.table.json","path":"media/table/data_table_2259_3a82cfebd85c99f3c746.table.json"},"eval/acc":0.32,"eval/cot_em":0,"train/loss":0.004687212873250246,"eval/loss":0.013860560720786452,"train/epoch":15}