{"_runtime":12556.092772621,"data_table":{"sha256":"f2056af96ad8328abc34a53aadc836490476bf914f5b79de276f74600b1fac60","size":144008,"artifact_path":"wandb-client-artifact://iy5zc9361y1ira8iu3iwfpc37f28hyg3g8bf2epdqcb2gesbptsw7uv8pdzj06b0a54v3utia5tr6sb876rett8cnslw80lyu63d85idj6174i8rzz6c3f5sz4313ei0/data_table.table.json","_latest_artifact_path":"wandb-client-artifact://6b33o224vbe0q5i1tyd3wkpexr61p8fj7ziqboychvejmal4h2md1glkxjgytdi4adyhv1ht2lwq5oymbxu5nmh485w3lrcxgo96tchvdhmgf7h5jxlnugte062sofen:latest/data_table.table.json","path":"media/table/data_table_2355_f2056af96ad8328abc34.table.json","ncols":2,"nrows":4,"_type":"table-file"},"eval/acc":0.13,"_wandb":{"runtime":12556},"train/epoch":5,"_step":3139,"train/loss":0.7387806177139282,"train/step":3909,"eval/loss":1.094118893146515,"_timestamp":1.7454277334580328e+09,"eval/cot_em":0}