{"_step":1579,"train/loss":0.02297320030629635,"eval/loss":0.5893921256065369,"train/epoch":5,"eval/cot_em":0.13,"_timestamp":1.7452354282389114e+09,"_wandb":{"runtime":4836},"eval/acc":0.41,"train/step":1564,"_runtime":4836.284165723,"data_table":{"nrows":5,"_type":"table-file","sha256":"b94cecd0561d8be407769d52e580034d28fcb80d8257776b269fe8ce24cb742d","size":75221,"artifact_path":"wandb-client-artifact://qrhqt0ft8djdzbwvy1l1km4lwnyvppxz3rkea4ueckl2sd21mjdmo8ugrzvrjlzdkeupbdcg4f1o96oz0qa423x3ju1gpux1ytroi5l3fbzzp5f53vsgadn5ljyba018/data_table.table.json","_latest_artifact_path":"wandb-client-artifact://0fmtc9u1jvdjy09sd4kzkm1wvnq81cqg28x3fy3zatv3morpv590o6a2s68t436vz24ohzfjpcmpq0ne28qtr8wbm87z79vd122f76qww6xeedpvg6i6i35zqstpoi21:latest/data_table.table.json","path":"media/table/data_table_1264_b94cecd0561d8be40776.table.json","ncols":2}}