{"_runtime":33.98448962,"_step":3,"train/epoch":1,"data_table":{"_latest_artifact_path":"wandb-client-artifact://sd0xxzhoqtxmc33ek6de5d51femhzxifms8zmtre7hkqh3k5m0yuygvi6xcdj5kac92d1mlanraezp4l93gvbjyqrkns2ja5idmsmigtfp219y0vpdigl1e6e1t6fwse:latest/data_table.table.json","path":"media/table/data_table_0_2e12332ff1d807d85020.table.json","ncols":2,"nrows":1,"_type":"table-file","sha256":"2e12332ff1d807d85020d882f9a1c6fb315199b409b117a9247a5871ba10dcad","size":48636,"artifact_path":"wandb-client-artifact://uygbq3ldd4ytzyask6ff61z49rp7j9sphhz8rs2xagq3vovdi5kvo0xdggj0wfx1f9qqkjbdxe7223bfo1o6slthnp77rz56mvwwscma9ff42k8htjw763ys6biqhcvg/data_table.table.json"},"_wandb":{"runtime":34},"eval/loss":2.2253133058547974,"train/step":1,"_timestamp":1.7453297715310113e+09,"train/loss":2.856748342514038}