{"_runtime":7063.180739802,"eval/acc":0.37,"_wandb":{"runtime":7065},"train/epoch":7,"train/step":21090,"data_table":{"ncols":2,"nrows":7,"_type":"table-file","sha256":"0001b0cbc57205d9f6806570827557ba940b82fe9d2f9ec62335528a642564f8","size":582852,"artifact_path":"wandb-client-artifact://ibys3qjr6h6l6ofbbuc9lkzmflss8xul4zmjnm8kq1i8x4f9q7zhf32za9plblty7qurwof35p3odpsgng5nt4exexkdli5elpzj195igvmnuzgrv7zj18m3q2mglhej/data_table.table.json","_latest_artifact_path":"wandb-client-artifact://hs06qpvq8ude4j5efsuvbdnoa0umutjg3kpvux05xocqmkigpbmyebp4fgk7k0oqmqfvlzqhoj8oynga40knsmz8c2jqqwo705eco0jvjcfld5q0f0ijxr3oxzehvqht:latest/data_table.table.json","path":"media/table/data_table_18096_0001b0cbc57205d9f680.table.json"},"eval/cot_em":0.09,"_step":21111,"_timestamp":1.7454287520563092e+09,"train/loss":0.2003203183412552,"eval/loss":0.403972864151001}