{"train/loss":0.05337613448500633,"_wandb":{"runtime":560},"_timestamp":1.745223946867031e+09,"_runtime":542.50736839,"_step":157,"data_table":{"nrows":1,"_type":"table-file","sha256":"7469d88cea4d909d63fd5b205e5626a56f0b76f2953e5648aa4118971d47c76e","size":33344,"artifact_path":"wandb-client-artifact://m2snw9aoawl5f4e9ktpnwlefjrhkla56i6dbnh9km4b80m35r7jlrskvohj7zeaescrd70o5i2qdkyqk9cs5pkcgxs2ri4b5n69iq7e3h2zkqfixc04a7kl2fuzj0jk5/data_table.table.json","_latest_artifact_path":"wandb-client-artifact://kff88ggh9zc42lhqiim1ghezi1zh01gw6m9jfa1b4nuo5urxohncgwt4ake701ezzif0epbtmx2aapl6k9095y9cyi1f96hx7j1v7qfmskdj50w2415dmaz3yf7u1mnd:latest/data_table.table.json","path":"media/table/data_table_0_7469d88cea4d909d63fd.table.json","ncols":2},"train/epoch":1,"train/step":156}