{"data_table":{"_latest_artifact_path":"wandb-client-artifact://h0l6u8c1rmmakyc62wlvj2srg3p2vuwrpz3mdchf6f71y5qoc7klhfbr1jpcwrvjzwsf5qlv5ucq01xkclekwlwy0swm7860tl96dr1k4u6t4mq1be98x7twyq6y3ycy:latest/data_table.table.json","path":"media/table/data_table_1506_7349b3445a7539586a7b.table.json","ncols":2,"nrows":7,"_type":"table-file","sha256":"7349b3445a7539586a7b4885187d849abd7b2ecbe843d8168a92b932982dad93","size":424110,"artifact_path":"wandb-client-artifact://7y674qwifzjif15hf7wedzupqogj2k6nb9s831q1ndz81pl2p69a5lbbrr6nmdpz03nne92wtkqpwql441q75f4wzg9l6ktq9pyli3pzoncj489birlyp13gejj27pk5/data_table.table.json"},"_runtime":23879.838508071,"train/step":1983,"_wandb":{"runtime":23880},"eval/loss":0.09985074028372765,"eval/cot_em":0,"_step":1756,"train/epoch":8,"_timestamp":1.7454559613754056e+09,"train/loss":0.07152262330055237,"eval/acc":0.83}