{"_runtime":554.323218722,"eval/loss":0.30276015773415565,"train/step":156,"data_table":{"nrows":1,"_type":"table-file","sha256":"7469d88cea4d909d63fd5b205e5626a56f0b76f2953e5648aa4118971d47c76e","size":33344,"artifact_path":"wandb-client-artifact://s4hdr0nvn08hcyfv04qocb2xedezg9gyads613yp74x946e3k8aarg2izh11p4yva5hl6lcgidb5ebyyq57nhjaxmmvrlw4o0dbmvoxsx0u7k1fr0ts5pau8menulj97/data_table.table.json","_latest_artifact_path":"wandb-client-artifact://8tjgxuuff4auqz7qofrg8nidg4d3veqj2lx4oih1xs5imdl1cg1oo3ajg2jnking5o3wco43fkunynyvxaxjk1zdm0hv8q5kx76hrhpbjus6j54r6mvmvqha3gphsmpp:latest/data_table.table.json","path":"media/table/data_table_0_7469d88cea4d909d63fd.table.json","ncols":2},"_step":158,"_timestamp":1.7452230066264582e+09,"train/epoch":1,"train/loss":0.05337508022785187,"_wandb":{"runtime":554}}