{"_timestamp":1.7452259616832004e+09,"eval/loss":0.30276941508054733,"train/epoch":1,"data_table":{"ncols":2,"nrows":1,"_type":"table-file","sha256":"7469d88cea4d909d63fd5b205e5626a56f0b76f2953e5648aa4118971d47c76e","size":33344,"artifact_path":"wandb-client-artifact://qlicbiatv7zp8p7r36n5zmyv09mjnsjehghzhe75sw3zkqisrxtzbxwta72kimvdn1dpgxr7qhdqexmi04ibmwrt9ciibpz7wuf52pxr8bd2o12vop7ol7w3kluv7bqj/data_table.table.json","_latest_artifact_path":"wandb-client-artifact://b8t9ufjtvc7xzsvlw6a657cevf6n360h1e4r10x1lsj8jkylglfb7pb8mar2sz4y1780n3xcsfkscj3e5kqrn0ktnzbvmfqi3jjycq8m4o8ivjhdbtgdgu0jauq8a9d1:latest/data_table.table.json","path":"media/table/data_table_0_7469d88cea4d909d63fd.table.json"},"_wandb":{"runtime":577},"_runtime":577.087750194,"train/step":156,"train/loss":0.05337822437286377,"_step":158}