{"eval/acc":0.16,"train/step":1954,"train/loss":0.5374351143836975,"_timestamp":1.7454413222281592e+09,"_step":1575,"eval/loss":1.1604936122894287,"data_table":{"size":146051,"artifact_path":"wandb-client-artifact://chzv11m159l9gtfc4sis0lsevr5bnqb2047rvo2bciyxm4llphbnvf78lo14vwyvcvl8yu7iw59f7d5vnhg0wizlox3p1drqgkz93adeln0iqispf84tor0ddtjhqfzq/data_table.table.json","_latest_artifact_path":"wandb-client-artifact://9316s8cfum8b0fwectg5u0pqgwnqlclyfekp45m84go0mx0kxyztzhsgyce5q9wn06l6m4l4zyjks53tsw4fosa61n2is085i9qf3uokz2mtbfb0doffuvxrs2nw284y:latest/data_table.table.json","path":"media/table/data_table_1182_1f506ab730eed0e8fe1a.table.json","ncols":2,"nrows":4,"_type":"table-file","sha256":"1f506ab730eed0e8fe1a19f132c38972509946bc61ec22d29b7bdd13824ec28e"},"train/epoch":5,"_wandb":{"runtime":7173},"eval/cot_em":0,"_runtime":7172.893528156}