{"_step":1895,"_timestamp":1.7454804118858995e+09,"eval/loss":0.44590480625629425,"train/step":1877,"_wandb":{"runtime":5133},"_runtime":5133.725838821,"train/loss":0.05465305596590042,"eval/acc":0.36,"eval/cot_em":0.13,"data_table":{"artifact_path":"wandb-client-artifact://eh8vi8ld1yx23shjm2skgc2gfn3id77i3nn367mkpsr05jjvdgu8wtwh1hjcztuuvhgkjp76c9mxt5c7h588r8ghx9jy2hzyf0rkmxgnpam3is02wvo608punqohc33r/data_table.table.json","_latest_artifact_path":"wandb-client-artifact://eggytrbgyiug81860o6qribxqely80gyawxb25ki84yvedwrbofvef51dispkjpmn95a7o9b49kvax7sid5lhswb6okexi5a3a4rfv5n1bvggyve2ztqi7osbo577knw:latest/data_table.table.json","path":"media/table/data_table_1580_b4dbd27e58daf26afebc.table.json","ncols":2,"nrows":6,"_type":"table-file","sha256":"b4dbd27e58daf26afebc835385b799a9eb735cc8a52b349d13c16b0eb1e0c759","size":215061},"train/epoch":6}