{"_runtime":542.886745574,"_step":157,"train/loss":0.05337899550795555,"train/epoch":1,"train/step":156,"_wandb":{"runtime":562},"data_table":{"_latest_artifact_path":"wandb-client-artifact://d0t2opbd581ys23jya93zw47m7idvnjx9je4mxm33cq2y9wlf43t7s49j2dhis9p8bi03ro4fjb38hbbzd1khxmpr00bgd8dnmhqbi2mgcjf853lxedwtoegp3polfik:latest/data_table.table.json","path":"media/table/data_table_0_7469d88cea4d909d63fd.table.json","ncols":2,"nrows":1,"_type":"table-file","sha256":"7469d88cea4d909d63fd5b205e5626a56f0b76f2953e5648aa4118971d47c76e","size":33344,"artifact_path":"wandb-client-artifact://5qmwnmv4t2m3vpkj7hp5tgoedj84dk4uuwhyc8en5wq23ynwy4tb6aot6nbwxx8zke9k54ymxgukar6zsgpz6uhuwax47rwky1jwapm9cked12yhd1whqokdzxc3kov8/data_table.table.json"},"_timestamp":1.745224701157082e+09}